{
  "$schema": "https://turbo.build/schema.json",
  "ui": "tui",
  "tasks": {
    "build": {
      "dependsOn": [
        "^build"
      ],
      "inputs": [
        "$TURBO_DEFAULT$",
        ".env*"
      ],
      "outputs": [
        ".next/**",
        "dist/**",
        "!.next/cache/**"
      ]
    },
    "lint": {
      "dependsOn": [
        "^lint"
      ],
      "inputs": [
        "**/*.{ts,tsx,js,jsx}"
      ],
      "outputs": []
    },
    "dev": {
      "cache": false,
      "persistent": true
    }
  }
}